user_id,role,city,country,signup_date
owner_1,owner,East Michaelview,Gibraltar,2024-04-15
owner_2,owner,Eatonstad,Lao People's Democratic Republic,2024-11-06
owner_3,owner,South Nancy,French Guiana,2024-10-13
owner_4,owner,West Heatherton,Nicaragua,2024-05-28
owner_5,owner,Fosterton,Nigeria,2024-05-02
owner_6,owner,South Alyssatown,Swaziland,2024-09-01
owner_7,owner,Marshhaven,France,2024-01-15
owner_8,owner,Morrisonton,Mauritius,2024-06-14
owner_9,owner,Jamieborough,Saint Barthelemy,2024-10-17
owner_10,owner,Port Marissa,Jersey,2024-08-20
owner_11,owner,Ambermouth,Faroe Islands,2024-07-11
owner_12,owner,Dawnfurt,Turks and Caicos Islands,2024-01-30
owner_13,owner,Freemanside,Faroe Islands,2024-03-05
owner_14,owner,Greenfurt,Saint Helena,2024-05-14
owner_15,owner,Bryanstad,Sierra Leone,2024-01-10
owner_16,owner,North Amy,North Macedonia,2024-08-20
owner_17,owner,Woodwardview,Uzbekistan,2024-08-28
owner_18,owner,Markville,Saint Helena,2024-03-24
owner_19,owner,Gentrychester,Guatemala,2024-01-28
owner_20,owner,South Mark,Saint Vincent and the Grenadines,2024-06-23
owner_21,owner,North Nicole,Germany,2024-04-11
owner_22,owner,Smithton,United Arab Emirates,2024-06-30
owner_23,owner,Katrinafurt,British Virgin Islands,2024-12-17
owner_24,owner,South Roberto,Saint Kitts and Nevis,2024-03-10
owner_25,owner,Kiaraville,Slovakia (Slovak Republic),2024-12-26
owner_26,owner,Johnstonfort,Sudan,2024-09-22
owner_27,owner,South Michellehaven,Azerbaijan,2024-11-15
owner_28,owner,Pooleland,Croatia,2024-12-13
owner_29,owner,West Anthony,Latvia,2024-05-22
owner_30,owner,East Joshualand,Suriname,2024-12-08
owner_31,owner,New Joseside,Bangladesh,2024-08-08
owner_32,owner,West Dawn,Latvia,2024-10-28
owner_33,owner,Bondland,Ireland,2024-08-21
owner_34,owner,Lake Ashley,Venezuela,2024-10-08
owner_35,owner,Heatherborough,France,2024-08-13
owner_36,owner,Hollyland,Turkmenistan,2024-09-19
owner_37,owner,Port Codyland,Mali,2024-07-28
owner_38,owner,South Marthafort,Cayman Islands,2024-07-19
owner_39,owner,Lake Andreamouth,Congo,2024-09-13
owner_40,owner,Lake Diane,Argentina,2024-09-24
owner_41,owner,New Emilybury,United States Virgin Islands,2024-06-07
owner_42,owner,New Jameshaven,Turks and Caicos Islands,2024-11-04
owner_43,owner,Smithside,Austria,2024-06-01
owner_44,owner,Gomezborough,Bulgaria,2024-04-21
owner_45,owner,Davidtown,Mexico,2024-08-18
owner_46,owner,South Roseborough,Peru,2024-01-08
owner_47,owner,North James,Sierra Leone,2024-12-06
owner_48,owner,Lake Tanya,Saint Vincent and the Grenadines,2024-09-10
owner_49,owner,Port Margaret,United Arab Emirates,2024-05-17
owner_50,owner,South Jason,French Polynesia,2024-02-01
owner_51,owner,Port Jenniferfort,Papua New Guinea,2024-07-17
owner_52,owner,Tinatown,Jordan,2024-10-31
owner_53,owner,Victorfurt,Sri Lanka,2024-03-08
owner_54,owner,Changside,Fiji,2024-09-17
owner_55,owner,West Michelle,Venezuela,2024-01-09
owner_56,owner,Smithburgh,Iceland,2024-06-24
owner_57,owner,Loriburgh,French Polynesia,2024-12-07
owner_58,owner,Mistystad,Solomon Islands,2024-11-19
owner_59,owner,Millerchester,Uzbekistan,2024-05-19
owner_60,owner,Lake Mark,Malaysia,2024-07-24
owner_61,owner,Mendozaberg,Heard Island and McDonald Islands,2024-11-24
owner_62,owner,Hahnmouth,Uruguay,2024-05-13
owner_63,owner,South James,Nicaragua,2024-10-22
owner_64,owner,South Chadchester,Tuvalu,2024-11-29
owner_65,owner,Mosleychester,Tokelau,2024-02-14
owner_66,owner,Loristad,Kyrgyz Republic,2024-10-05
owner_67,owner,West Michaelport,Iceland,2024-10-12
owner_68,owner,North Courtneyland,Nepal,2024-05-17
owner_69,owner,Micheleton,Hungary,2024-06-21
owner_70,owner,South Reginaldville,Grenada,2024-11-27
owner_71,owner,Lake Elizabethberg,Iran,2024-12-28
owner_72,owner,Lake Melanie,Central African Republic,2024-07-12
owner_73,owner,Lake Pamelamouth,Albania,2024-06-01
owner_74,owner,New Clarenceburgh,Namibia,2024-10-30
owner_75,owner,North Jennifer,Bangladesh,2024-09-02
owner_76,owner,Kimchester,Guadeloupe,2024-10-21
owner_77,owner,Port Amy,Bouvet Island (Bouvetoya),2024-09-04
owner_78,owner,New Amy,Kiribati,2024-03-01
owner_79,owner,Port Staceychester,Macao,2024-06-16
owner_80,owner,South Josephshire,Thailand,2024-04-08
owner_81,owner,Jonesbury,Serbia,2024-11-10
owner_82,owner,Charlesland,Belarus,2024-05-06
owner_83,owner,Codymouth,Latvia,2024-04-19
owner_84,owner,Lake Andreaville,United Kingdom,2024-04-15
owner_85,owner,Crystalburgh,Holy See (Vatican City State),2024-01-29
owner_86,owner,Port Amandaborough,Martinique,2024-05-14
owner_87,owner,Angelafort,Mozambique,2024-03-12
owner_88,owner,New James,Syrian Arab Republic,2024-05-10
owner_89,owner,Powersville,Syrian Arab Republic,2024-02-27
owner_90,owner,West Bradleychester,Libyan Arab Jamahiriya,2024-11-11
owner_91,owner,Bradymouth,Anguilla,2024-03-19
owner_92,owner,Lake Ronald,San Marino,2024-06-16
owner_93,owner,Port Nicholas,Palau,2024-04-05
owner_94,owner,Amandafort,Malawi,2024-07-08
owner_95,owner,East Drewmouth,Armenia,2024-05-21
owner_96,owner,Simmonsview,Bosnia and Herzegovina,2024-04-05
owner_97,owner,Velezburgh,Algeria,2024-11-03
owner_98,owner,New Dawn,Togo,2024-12-21
owner_99,owner,East Paul,Saint Barthelemy,2024-08-18
owner_100,owner,Walkertown,New Caledonia,2024-10-22
owner_101,owner,Millerland,Venezuela,2024-01-03
owner_102,owner,South Kenneth,Belgium,2024-02-26
owner_103,owner,Wellsview,Kenya,2024-07-04
owner_104,owner,New Kyleburgh,Vietnam,2024-06-25
owner_105,owner,Benitezport,Mauritius,2024-03-24
owner_106,owner,West Matthewbury,Somalia,2024-02-07
owner_107,owner,South Suzanne,Germany,2024-06-15
owner_108,owner,Adamsfort,Solomon Islands,2024-03-25
owner_109,owner,West Blake,Australia,2024-11-19
owner_110,owner,West Adamborough,Poland,2024-11-20
owner_111,owner,Clarkmouth,Grenada,2024-07-24
owner_112,owner,Ryanton,Vietnam,2024-01-22
owner_113,owner,North Stacy,Antarctica (the territory South of 60 deg S),2024-10-09
owner_114,owner,Lake Stacytown,Afghanistan,2024-11-05
owner_115,owner,Aguilarchester,Kenya,2024-07-28
owner_116,owner,Port Bryceborough,Belize,2024-11-08
owner_117,owner,East Susan,Bulgaria,2024-10-26
owner_118,owner,Timothybury,Western Sahara,2024-11-20
owner_119,owner,West Michaelburgh,Dominica,2024-06-30
owner_120,owner,Stephenstad,Belarus,2024-09-13
owner_121,owner,Phillipstown,Fiji,2024-12-06
owner_122,owner,Allisonton,Antigua and Barbuda,2024-04-27
owner_123,owner,North Morgan,Sri Lanka,2024-09-08
owner_124,owner,Daughertytown,Iraq,2024-09-04
owner_125,owner,South Davidhaven,Bouvet Island (Bouvetoya),2024-05-09
owner_126,owner,Johnsontown,Hungary,2024-01-04
owner_127,owner,New Allison,Nigeria,2024-03-12
owner_128,owner,East James,Tanzania,2024-06-30
owner_129,owner,Traceyland,British Indian Ocean Territory (Chagos Archipelago),2024-05-09
owner_130,owner,Johnmouth,Hong Kong,2024-07-22
owner_131,owner,Johnsonland,Ethiopia,2024-08-27
owner_132,owner,Melindaton,Sao Tome and Principe,2024-03-19
owner_133,owner,Connorton,Comoros,2024-08-23
owner_134,owner,Jeffborough,Paraguay,2024-08-31
owner_135,owner,Carterchester,Luxembourg,2024-09-04
owner_136,owner,South Lisatown,Honduras,2024-03-20
owner_137,owner,Tapiaside,Yemen,2024-07-28
owner_138,owner,Kennethton,Wallis and Futuna,2024-09-23
owner_139,owner,Sheltonton,Moldova,2024-10-29
owner_140,owner,North Yvonneville,Jersey,2024-08-18
owner_141,owner,Amandastad,Barbados,2024-10-02
owner_142,owner,Lisamouth,New Zealand,2024-10-30
owner_143,owner,East Dannyburgh,Haiti,2024-02-11
owner_144,owner,North Gregory,Sierra Leone,2024-05-28
owner_145,owner,South David,Kenya,2024-02-28
owner_146,owner,Thomasport,Guatemala,2024-06-19
owner_147,owner,South Juan,Holy See (Vatican City State),2024-08-01
owner_148,owner,North Stephen,El Salvador,2024-03-02
owner_149,owner,North Scottville,Argentina,2024-01-20
owner_150,owner,New Tricia,Mongolia,2024-01-29
owner_151,owner,Moniquebury,Wallis and Futuna,2024-04-22
owner_152,owner,Makaylaview,Congo,2024-05-01
owner_153,owner,North Harrytown,Azerbaijan,2024-10-14
owner_154,owner,Williamsside,Bermuda,2024-04-05
owner_155,owner,Lake Hollyburgh,South Africa,2024-01-04
owner_156,owner,Port Jasonport,Myanmar,2024-09-20
owner_157,owner,Jessicahaven,Saint Vincent and the Grenadines,2024-02-12
owner_158,owner,Lake Ricardo,Spain,2024-01-19
owner_159,owner,Michaelview,Uzbekistan,2024-11-27
owner_160,owner,Morrisonville,Ghana,2024-01-03
owner_161,owner,South Rachaelstad,Tokelau,2024-04-10
owner_162,owner,North Tonya,Japan,2024-05-21
owner_163,owner,Burnsmouth,Andorra,2024-04-27
owner_164,owner,North Laurieville,Thailand,2024-06-12
owner_165,owner,New Larrybury,Croatia,2024-03-27
owner_166,owner,Bellburgh,Australia,2024-07-13
owner_167,owner,Port Steven,Australia,2024-03-21
owner_168,owner,Nicholasville,Canada,2024-11-03
owner_169,owner,Aguilarville,Mayotte,2024-07-25
owner_170,owner,South Amyshire,Guinea-Bissau,2024-10-29
owner_171,owner,Rubenmouth,Denmark,2024-08-13
owner_172,owner,Hughesside,Bolivia,2024-08-18
owner_173,owner,Port Sydneyside,Saint Pierre and Miquelon,2024-03-09
owner_174,owner,Jacksonborough,Australia,2024-09-28
owner_175,owner,Butlerland,Christmas Island,2024-02-06
owner_176,owner,Lake Michaelbury,French Guiana,2024-02-25
owner_177,owner,Lake James,Croatia,2024-03-19
owner_178,owner,New Jessicamouth,Singapore,2024-07-31
owner_179,owner,Nataliechester,Grenada,2024-07-29
owner_180,owner,Reneemouth,Brunei Darussalam,2024-09-29
owner_181,owner,New Sandraland,Poland,2024-01-12
owner_182,owner,East Reginaborough,Suriname,2024-09-09
owner_183,owner,Griffithburgh,Ecuador,2024-06-22
owner_184,owner,Westchester,Saint Helena,2024-11-01
owner_185,owner,Jeremyborough,Isle of Man,2024-01-24
owner_186,owner,South Vincentview,Jamaica,2024-05-30
owner_187,owner,Clarkfurt,Luxembourg,2024-05-28
owner_188,owner,Smithport,Ethiopia,2024-03-02
owner_189,owner,Millermouth,Venezuela,2024-08-02
owner_190,owner,Alexanderberg,France,2024-05-07
owner_191,owner,Kellerview,Brunei Darussalam,2024-10-12
owner_192,owner,Smithbury,Nigeria,2024-07-20
owner_193,owner,West Christopherport,Iceland,2024-05-05
owner_194,owner,Port Rachelchester,Heard Island and McDonald Islands,2024-11-17
owner_195,owner,Laurastad,Uganda,2024-12-05
owner_196,owner,Mcfarlandstad,Antarctica (the territory South of 60 deg S),2024-02-23
owner_197,owner,Port John,Lao People's Democratic Republic,2024-12-28
owner_198,owner,Ramirezshire,Colombia,2024-09-24
owner_199,owner,Lake Jorge,Greenland,2024-01-31
owner_200,owner,New Nicolefurt,Timor-Leste,2024-01-01
owner_201,owner,Weaverstad,Mauritania,2024-04-27
owner_202,owner,Francobury,Israel,2024-06-01
owner_203,owner,Collinberg,Lesotho,2024-07-08
owner_204,owner,Adkinsshire,Tokelau,2024-10-19
owner_205,owner,Port Christianborough,Pakistan,2024-03-26
owner_206,owner,Haleville,Jersey,2024-05-01
owner_207,owner,North Andrew,Colombia,2024-03-01
owner_208,owner,Jerryburgh,Andorra,2024-05-19
owner_209,owner,Carterchester,Luxembourg,2024-02-08
owner_210,owner,Ashleebury,Paraguay,2024-01-25
owner_211,owner,Lake Ianside,Gabon,2024-03-22
owner_212,owner,North Jennifer,Isle of Man,2024-07-13
owner_213,owner,Abigailshire,United States Virgin Islands,2024-09-06
owner_214,owner,East Spencer,Paraguay,2024-12-18
owner_215,owner,Shannonport,Bangladesh,2024-09-24
owner_216,owner,Kimton,Saint Martin,2024-04-02
owner_217,owner,Mariehaven,Nicaragua,2024-02-17
owner_218,owner,Ashleyfurt,Saint Kitts and Nevis,2024-03-07
owner_219,owner,Blackwellfurt,United States Virgin Islands,2024-12-19
owner_220,owner,West Jesse,Bermuda,2024-08-16
owner_221,owner,South Yolanda,Uganda,2024-05-23
owner_222,owner,Port Garybury,Switzerland,2024-06-06
owner_223,owner,Wrightmouth,Korea,2024-10-24
owner_224,owner,New Timothy,Bouvet Island (Bouvetoya),2024-07-18
owner_225,owner,Port Daniellehaven,Netherlands,2024-04-15
owner_226,owner,New Matthew,Cuba,2024-08-18
owner_227,owner,Carpenterhaven,Mauritania,2024-05-17
owner_228,owner,Bushfort,Holy See (Vatican City State),2024-11-23
owner_229,owner,Mitchelltown,Solomon Islands,2024-01-11
owner_230,owner,Port Kendrabury,Gibraltar,2024-12-28
owner_231,owner,Lynnview,Northern Mariana Islands,2024-10-22
owner_232,owner,West David,Hungary,2024-07-28
owner_233,owner,North Michaelland,Syrian Arab Republic,2024-11-14
owner_234,owner,Gabrielleport,South Georgia and the South Sandwich Islands,2024-10-28
owner_235,owner,West Justin,Senegal,2024-07-10
owner_236,owner,Danielview,Liberia,2024-08-20
owner_237,owner,Joshuafort,Saint Kitts and Nevis,2024-08-11
owner_238,owner,Davisburgh,Honduras,2024-05-17
owner_239,owner,Julieport,Morocco,2024-10-21
owner_240,owner,Huberborough,El Salvador,2024-09-22
owner_241,owner,Humphreyfurt,Egypt,2024-11-16
owner_242,owner,Lucasborough,Slovakia (Slovak Republic),2024-05-13
owner_243,owner,West Elizabeth,Bermuda,2024-08-05
owner_244,owner,New Stephanie,Saint Lucia,2024-04-05
owner_245,owner,Christinaside,Eritrea,2024-06-19
owner_246,owner,Phillipsport,Liberia,2024-07-20
owner_247,owner,Yolandabury,Saint Kitts and Nevis,2024-05-04
owner_248,owner,Port Sydney,Svalbard & Jan Mayen Islands,2024-06-04
owner_249,owner,Kennethchester,Egypt,2024-03-21
owner_250,owner,Mooreland,Malaysia,2024-02-22
owner_251,owner,South Tracy,Argentina,2024-12-27
owner_252,owner,Mikeport,Tanzania,2024-07-17
owner_253,owner,Antonioport,French Southern Territories,2024-02-22
owner_254,owner,East Troyburgh,Maldives,2024-04-16
owner_255,owner,South Reneeside,Luxembourg,2024-02-04
owner_256,owner,Lake Troy,Morocco,2024-04-16
owner_257,owner,West Kelseychester,Aruba,2024-08-01
owner_258,owner,Vegachester,Bermuda,2024-04-17
owner_259,owner,Joanton,Iraq,2024-02-05
owner_260,owner,New Danny,Taiwan,2024-09-02
owner_261,owner,East Andrew,Heard Island and McDonald Islands,2024-04-30
owner_262,owner,East Yolandaberg,Jamaica,2024-12-11
owner_263,owner,Lake Kellyville,Comoros,2024-06-11
owner_264,owner,East Seanstad,American Samoa,2024-05-09
owner_265,owner,New Ashley,Saint Pierre and Miquelon,2024-01-26
owner_266,owner,Lake Coreychester,Cuba,2024-09-20
owner_267,owner,South Garrettview,Pakistan,2024-03-09
owner_268,owner,West Allisonport,Vanuatu,2024-01-11
owner_269,owner,Montoyaburgh,Bosnia and Herzegovina,2024-03-29
owner_270,owner,South Chelseaview,Vanuatu,2024-09-13
owner_271,owner,Jacksonland,Iran,2024-09-27
owner_272,owner,Walkerberg,Heard Island and McDonald Islands,2024-06-07
owner_273,owner,Duartefort,Latvia,2024-04-19
owner_274,owner,Matthewberg,Syrian Arab Republic,2024-04-27
owner_275,owner,Lake Jerryburgh,Syrian Arab Republic,2024-03-13
owner_276,owner,North Joditon,French Guiana,2024-02-15
owner_277,owner,New Williamborough,Chile,2024-06-07
owner_278,owner,Christensenburgh,Serbia,2024-09-11
owner_279,owner,Castromouth,Chile,2024-08-28
owner_280,owner,Rosarioville,Korea,2024-08-04
owner_281,owner,East Francisco,Japan,2024-01-17
owner_282,owner,East Rachel,Bolivia,2024-01-02
owner_283,owner,Port Claudiahaven,Tuvalu,2024-07-22
owner_284,owner,New Joann,Guernsey,2024-12-01
owner_285,owner,Port Kimberly,Taiwan,2024-06-23
owner_286,owner,Torresbury,Tuvalu,2024-06-19
owner_287,owner,South Annashire,Lao People's Democratic Republic,2024-02-13
owner_288,owner,Michaelburgh,Antigua and Barbuda,2024-10-22
owner_289,owner,West Toddburgh,Wallis and Futuna,2024-06-21
owner_290,owner,Lake Elizabethtown,Austria,2024-12-28
owner_291,owner,Leonardmouth,Congo,2024-04-23
owner_292,owner,Holmesmouth,Albania,2024-05-25
owner_293,owner,Alexandriastad,Qatar,2024-12-19
owner_294,owner,New Erinhaven,Canada,2024-07-13
owner_295,owner,Marieburgh,Guam,2024-09-11
owner_296,owner,Thompsonfurt,Thailand,2024-01-08
owner_297,owner,Phillipsmouth,Eritrea,2024-09-25
owner_298,owner,South Christine,Grenada,2024-08-27
owner_299,owner,East Jessestad,Congo,2024-09-29
owner_300,owner,South Stephanie,Nigeria,2024-02-09
owner_301,owner,Schmidtstad,United Arab Emirates,2024-06-22
owner_302,owner,Bishopfurt,Chad,2024-06-15
owner_303,owner,Georgebury,Iran,2024-06-22
owner_304,owner,East Madison,Sri Lanka,2024-08-14
owner_305,owner,Michaelview,Venezuela,2024-09-11
owner_306,owner,West Maryborough,Marshall Islands,2024-05-29
owner_307,owner,New Jenniferburgh,North Macedonia,2024-09-07
owner_308,owner,Jamesborough,Dominican Republic,2024-03-19
owner_309,owner,Robertafurt,Finland,2024-05-30
owner_310,owner,Lake Ambermouth,Iceland,2024-03-19
owner_311,owner,East Justinport,Guatemala,2024-12-16
owner_312,owner,Andersonport,Bhutan,2024-03-26
owner_313,owner,South Tanyaton,Lithuania,2024-07-15
owner_314,owner,South Alisonberg,Hong Kong,2024-08-21
owner_315,owner,New Leonard,Honduras,2024-08-01
owner_316,owner,East Annaborough,Gabon,2024-04-02
owner_317,owner,Lake Cynthia,Isle of Man,2024-05-01
owner_318,owner,Randallchester,Latvia,2024-05-31
owner_319,owner,Mcdonaldtown,New Zealand,2024-11-13
owner_320,owner,Riveraville,Liechtenstein,2024-11-14
owner_321,owner,Hallshire,Antigua and Barbuda,2024-04-23
owner_322,owner,Lake Michelleland,Falkland Islands (Malvinas),2024-05-21
owner_323,owner,Jerrychester,Belgium,2024-12-08
owner_324,owner,Marissaport,Tunisia,2024-11-10
owner_325,owner,Brandtland,Sri Lanka,2024-08-21
owner_326,owner,Millerland,Panama,2024-08-03
owner_327,owner,Jacksonshire,Saint Barthelemy,2024-06-08
owner_328,owner,South Stacey,Saint Pierre and Miquelon,2024-04-05
owner_329,owner,West Heatherstad,Cote d'Ivoire,2024-09-04
owner_330,owner,North Kenneth,Central African Republic,2024-06-01
owner_331,owner,Hessport,Central African Republic,2024-08-03
owner_332,owner,Andersonland,Japan,2024-08-16
owner_333,owner,Smithmouth,Switzerland,2024-04-28
owner_334,owner,Lake Thomashaven,Antigua and Barbuda,2024-06-10
owner_335,owner,East Jesse,Gambia,2024-06-14
owner_336,owner,Port Angelaton,Cape Verde,2024-09-09
owner_337,owner,North Linda,Saint Lucia,2024-10-29
owner_338,owner,Port Shirley,Taiwan,2024-10-26
owner_339,owner,West Robert,Romania,2024-12-18
owner_340,owner,Lake Rachel,Afghanistan,2024-03-25
owner_341,owner,Jeremyview,Fiji,2024-10-23
owner_342,owner,Jessicatown,Saint Pierre and Miquelon,2024-05-03
owner_343,owner,South Emilyfort,Niue,2024-07-29
owner_344,owner,Hollowaytown,Bangladesh,2024-07-18
owner_345,owner,North Sarah,Egypt,2024-06-04
owner_346,owner,South Kennethside,Palestinian Territory,2024-10-26
owner_347,owner,New Sabrinashire,Latvia,2024-10-24
owner_348,owner,Pearsonville,Czech Republic,2024-05-30
owner_349,owner,East Jessicaland,South Africa,2024-08-06
owner_350,owner,West Jamie,Sierra Leone,2024-12-27
owner_351,owner,Gibbsport,Slovenia,2024-01-10
owner_352,owner,Port Craigberg,Qatar,2024-06-21
owner_353,owner,South Erinberg,Puerto Rico,2024-04-02
owner_354,owner,Butlermouth,North Macedonia,2024-11-25
owner_355,owner,New Monicaborough,Macao,2024-11-26
owner_356,owner,North Carmen,Morocco,2024-02-04
owner_357,owner,New Evan,Malawi,2024-08-07
owner_358,owner,Melissaport,Iran,2024-11-17
owner_359,owner,Port Caroline,Burkina Faso,2024-02-16
owner_360,owner,New Joshua,Sudan,2024-04-09
owner_361,owner,Sophiashire,Bouvet Island (Bouvetoya),2024-10-08
owner_362,owner,North Sarahbury,Mayotte,2024-11-04
owner_363,owner,Rickyburgh,Svalbard & Jan Mayen Islands,2024-10-31
owner_364,owner,Port Davidfort,Greece,2024-04-24
owner_365,owner,Andersonstad,Italy,2024-10-06
owner_366,owner,Lake Patricia,Yemen,2024-10-08
owner_367,owner,Robinsonchester,Bermuda,2024-04-08
owner_368,owner,Espinozaport,Niger,2024-07-17
owner_369,owner,Nicolemouth,Gambia,2024-03-19
owner_370,owner,Lake Arthurtown,Tunisia,2024-01-24
owner_371,owner,Vanessaberg,Kazakhstan,2024-10-26
owner_372,owner,Edwardsport,Western Sahara,2024-02-19
owner_373,owner,Lake Kevinland,Lao People's Democratic Republic,2024-08-01
owner_374,owner,Booneland,Luxembourg,2024-11-01
owner_375,owner,Timothymouth,North Macedonia,2024-04-05
owner_376,owner,South James,Liechtenstein,2024-10-29
owner_377,owner,Patriciafurt,El Salvador,2024-03-12
owner_378,owner,Christinaborough,Kuwait,2024-12-19
owner_379,owner,Marissafort,France,2024-09-26
owner_380,owner,Singhland,Zimbabwe,2024-03-11
owner_381,owner,Johnfort,Monaco,2024-01-05
owner_382,owner,West Jessicachester,North Macedonia,2024-04-04
owner_383,owner,Blairtown,Czech Republic,2024-12-16
owner_384,owner,Jamieland,Nepal,2024-12-01
owner_385,owner,North Christopherville,Korea,2024-09-26
owner_386,owner,East Andrewshire,Somalia,2024-09-10
owner_387,owner,Lauraberg,Samoa,2024-12-26
owner_388,owner,Castilloborough,British Indian Ocean Territory (Chagos Archipelago),2024-12-05
owner_389,owner,South Davidside,Lebanon,2024-04-23
owner_390,owner,Prattburgh,Mozambique,2024-11-11
owner_391,owner,New Rodneyburgh,Iran,2024-11-19
owner_392,owner,New William,Wallis and Futuna,2024-05-16
owner_393,owner,North Michelle,Mauritius,2024-08-13
owner_394,owner,Gutierrezfort,Belgium,2024-11-21
owner_395,owner,Johntown,Mexico,2024-08-29
owner_396,owner,Port Rodney,Guadeloupe,2024-05-09
owner_397,owner,West Chad,Congo,2024-01-15
owner_398,owner,Lake Jessica,Comoros,2024-10-07
owner_399,owner,New Michael,Turkey,2024-01-31
owner_400,owner,New Justin,Russian Federation,2024-12-26
owner_401,owner,New Mary,Eritrea,2024-10-05
owner_402,owner,Carmenland,Dominica,2024-09-14
owner_403,owner,Mendozastad,Senegal,2024-09-20
owner_404,owner,East Philipland,Zimbabwe,2024-02-05
owner_405,owner,Chadville,Japan,2024-12-20
owner_406,owner,Christophermouth,Estonia,2024-02-26
owner_407,owner,Lake William,Isle of Man,2024-06-20
owner_408,owner,Lake Andrewburgh,Ireland,2024-11-03
owner_409,owner,Campbellshire,Western Sahara,2024-12-23
owner_410,owner,Yangland,Ukraine,2024-03-17
owner_411,owner,New Robert,Hungary,2024-06-04
owner_412,owner,South Amandaport,Gabon,2024-02-22
owner_413,owner,Jamesberg,Bolivia,2024-07-29
owner_414,owner,East Michelleshire,Djibouti,2024-02-11
owner_415,owner,New Laura,Belgium,2024-08-06
owner_416,owner,Lake Joshua,Tunisia,2024-10-28
owner_417,owner,Justinville,Jamaica,2024-08-19
owner_418,owner,West Joshuaborough,Solomon Islands,2024-11-25
owner_419,owner,Andersonfurt,Czech Republic,2024-10-17
owner_420,owner,West Roberttown,Croatia,2024-07-02
owner_421,owner,New Michael,Suriname,2024-01-09
owner_422,owner,West Kennethburgh,Niger,2024-04-24
owner_423,owner,North Nicolasfurt,Micronesia,2024-01-10
owner_424,owner,Tylerbury,Moldova,2024-12-28
owner_425,owner,Stantonfort,Mali,2024-03-14
owner_426,owner,Owensborough,Turks and Caicos Islands,2024-10-02
owner_427,owner,Campbellville,Libyan Arab Jamahiriya,2024-09-14
owner_428,owner,South Petermouth,Madagascar,2024-05-23
owner_429,owner,Port Michelleland,Israel,2024-08-20
owner_430,owner,East Jason,Egypt,2024-06-17
owner_431,owner,West Johnfort,Jordan,2024-09-06
owner_432,owner,Daleville,Solomon Islands,2024-11-18
owner_433,owner,Holmesside,Comoros,2024-07-23
owner_434,owner,New Kaylastad,Argentina,2024-02-20
owner_435,owner,Lake Pedro,Jamaica,2024-04-22
owner_436,owner,Suzanneville,Algeria,2024-11-13
owner_437,owner,Matthewton,Bangladesh,2024-03-25
owner_438,owner,Davidburgh,Saint Martin,2024-07-28
owner_439,owner,West Nicole,Burundi,2024-04-24
owner_440,owner,Barbaraview,Nepal,2024-07-18
owner_441,owner,Port Elizabeth,Namibia,2024-09-27
owner_442,owner,Michelleshire,Liberia,2024-06-24
owner_443,owner,Lake Michael,Guinea,2024-08-26
owner_444,owner,South Lancehaven,Guinea,2024-03-09
owner_445,owner,Perezberg,Guernsey,2024-07-01
owner_446,owner,Clarkhaven,Brazil,2024-04-12
owner_447,owner,South Alyssaberg,Somalia,2024-09-20
owner_448,owner,South Cheyenne,Kyrgyz Republic,2024-07-13
owner_449,owner,Lake Janet,Madagascar,2024-08-17
owner_450,owner,South Ann,Chad,2024-12-24
owner_451,owner,Rebeccabury,French Southern Territories,2024-09-04
owner_452,owner,South Troy,Niger,2024-07-15
owner_453,owner,Pachecochester,Gabon,2024-04-05
owner_454,owner,Malloryburgh,Senegal,2024-04-29
owner_455,owner,Gibsonburgh,Czech Republic,2024-10-04
owner_456,owner,Michaelport,Pakistan,2024-05-08
owner_457,owner,Welchfort,Pakistan,2024-07-16
owner_458,owner,Bryanfort,Taiwan,2024-03-12
owner_459,owner,Wilsonfort,Georgia,2024-06-25
owner_460,owner,Petersberg,Grenada,2024-07-09
owner_461,owner,Adamsborough,Seychelles,2024-12-03
owner_462,owner,Port Brian,Lithuania,2024-12-12
owner_463,owner,Nicoleburgh,Bolivia,2024-04-15
owner_464,owner,Amyfort,India,2024-01-06
owner_465,owner,Adamsshire,French Guiana,2024-04-05
owner_466,owner,Ashleyburgh,Nigeria,2024-09-15
owner_467,owner,Lewiston,Western Sahara,2024-05-18
owner_468,owner,Caseyside,Heard Island and McDonald Islands,2024-05-31
owner_469,owner,Jonesmouth,Martinique,2024-04-26
owner_470,owner,Jenniferfurt,Pitcairn Islands,2024-11-28
owner_471,owner,East Robertstad,Mayotte,2024-01-15
owner_472,owner,Port Deanstad,Saint Helena,2024-05-01
owner_473,owner,Scottfort,Central African Republic,2024-03-01
owner_474,owner,Port Karen,Mayotte,2024-05-26
owner_475,owner,Port Lydia,Holy See (Vatican City State),2024-04-18
owner_476,owner,Lake David,Jersey,2024-08-21
owner_477,owner,Maryside,South Georgia and the South Sandwich Islands,2024-05-15
owner_478,owner,New Sarahport,Ireland,2024-06-03
owner_479,owner,West Jameschester,Luxembourg,2024-02-24
owner_480,owner,Martinezborough,Sweden,2024-11-25
owner_481,owner,West Reginastad,Uganda,2024-07-01
owner_482,owner,Mccallstad,Chad,2024-09-17
owner_483,owner,Port Jamesstad,Qatar,2024-03-14
owner_484,owner,Williamport,Equatorial Guinea,2024-07-25
owner_485,owner,Milesport,Cape Verde,2024-01-23
owner_486,owner,Lake Melanie,Cook Islands,2024-11-08
owner_487,owner,West Mariah,Saint Vincent and the Grenadines,2024-01-24
owner_488,owner,Dominicmouth,Denmark,2024-10-16
owner_489,owner,Saraland,Bangladesh,2024-07-05
owner_490,owner,Peterport,Saint Barthelemy,2024-09-08
owner_491,owner,North Lisaburgh,United States Minor Outlying Islands,2024-11-21
owner_492,owner,Phillipport,Cameroon,2024-11-25
owner_493,owner,East Donna,Greece,2024-05-18
owner_494,owner,Lake Ashley,Slovakia (Slovak Republic),2024-05-16
owner_495,owner,West Steve,Maldives,2024-10-31
owner_496,owner,New Timothy,Norway,2024-02-23
owner_497,owner,North Matthewhaven,Andorra,2024-08-22
owner_498,owner,South Christinaville,Russian Federation,2024-05-17
owner_499,owner,East Jessestad,Mozambique,2024-05-06
owner_500,owner,Port Karenton,Cuba,2024-12-11
sitter_1,sitter,West Leahside,Palau,2024-04-23
sitter_2,sitter,West Lisafort,Lao People's Democratic Republic,2024-01-23
sitter_3,sitter,West Brianna,Mozambique,2024-06-28
sitter_4,sitter,Josephbury,Montserrat,2024-08-10
sitter_5,sitter,Mauricemouth,Austria,2024-02-10
sitter_6,sitter,North Carriehaven,Myanmar,2024-11-09
sitter_7,sitter,South Jeanfort,Lebanon,2024-09-12
sitter_8,sitter,Janetview,Costa Rica,2024-12-20
sitter_9,sitter,Port Michelle,Belize,2024-04-08
sitter_10,sitter,Kennethstad,Montenegro,2024-11-27
sitter_11,sitter,Lake Erika,Tajikistan,2024-01-25
sitter_12,sitter,Williamsborough,Moldova,2024-08-07
sitter_13,sitter,Charlesbury,Colombia,2024-05-24
sitter_14,sitter,Danielfort,Rwanda,2024-12-16
sitter_15,sitter,New Jaredland,Montenegro,2024-02-27
sitter_16,sitter,Sanchezview,Sudan,2024-10-03
sitter_17,sitter,East Karenbury,Spain,2024-05-18
sitter_18,sitter,South Jose,Morocco,2024-10-02
sitter_19,sitter,Bernardfort,Iceland,2024-08-30
sitter_20,sitter,Riggsstad,Wallis and Futuna,2024-09-23
sitter_21,sitter,Cooperport,Seychelles,2024-04-15
sitter_22,sitter,New Jonathan,Belarus,2024-09-13
sitter_23,sitter,East Jonathan,Burkina Faso,2024-02-18
sitter_24,sitter,Joshuafort,Venezuela,2024-11-03
sitter_25,sitter,Davisview,Niger,2024-03-04
sitter_26,sitter,Jeremyview,Saint Helena,2024-02-11
sitter_27,sitter,Edwinhaven,Wallis and Futuna,2024-01-26
sitter_28,sitter,Williamschester,Liechtenstein,2024-10-10
sitter_29,sitter,Lake James,Guatemala,2024-08-05
sitter_30,sitter,East Veronica,United Arab Emirates,2024-05-10
sitter_31,sitter,South Stephenborough,Netherlands,2024-05-09
sitter_32,sitter,West Deborah,Slovakia (Slovak Republic),2024-08-01
sitter_33,sitter,Drewville,Comoros,2024-03-18
sitter_34,sitter,Nicholasmouth,United States of America,2024-01-05
sitter_35,sitter,Curtisborough,Cyprus,2024-10-28
sitter_36,sitter,Aaronborough,Costa Rica,2024-10-01
sitter_37,sitter,Mooreview,Germany,2024-08-13
sitter_38,sitter,East Christopher,Sri Lanka,2024-12-06
sitter_39,sitter,Lake Williamhaven,Serbia,2024-10-14
sitter_40,sitter,Hubbardside,Liberia,2024-09-14
sitter_41,sitter,Port Katelynton,Algeria,2024-01-26
sitter_42,sitter,Lake Kimberlytown,United Kingdom,2024-08-10
sitter_43,sitter,Amandaberg,Holy See (Vatican City State),2024-07-09
sitter_44,sitter,Lake Michaelport,Panama,2024-06-16
sitter_45,sitter,Port Jeremyborough,Falkland Islands (Malvinas),2024-04-28
sitter_46,sitter,Baxterton,Azerbaijan,2024-06-11
sitter_47,sitter,Zunigaside,Kenya,2024-10-16
sitter_48,sitter,Lake Tonyborough,Malta,2024-08-27
sitter_49,sitter,Hintonstad,Cameroon,2024-08-12
sitter_50,sitter,Thomaschester,Jamaica,2024-04-13
sitter_51,sitter,Cookfurt,Georgia,2024-03-07
sitter_52,sitter,Lake Margaretport,Tuvalu,2024-01-29
sitter_53,sitter,New Latoya,Niger,2024-12-06
sitter_54,sitter,East Matthewland,Timor-Leste,2024-04-13
sitter_55,sitter,West Laura,New Zealand,2024-11-16
sitter_56,sitter,West Charlesland,French Polynesia,2024-02-23
sitter_57,sitter,North Kenneth,Anguilla,2024-03-22
sitter_58,sitter,South Rebecca,Iceland,2024-09-15
sitter_59,sitter,Joditown,United States Virgin Islands,2024-02-26
sitter_60,sitter,Lake Tylerchester,Cameroon,2024-02-17
sitter_61,sitter,Palmerton,Andorra,2024-04-02
sitter_62,sitter,Lake Stevenberg,Eritrea,2024-07-12
sitter_63,sitter,Davisview,Kuwait,2024-09-26
sitter_64,sitter,Fordside,Rwanda,2024-06-30
sitter_65,sitter,Edwardsmouth,Palestinian Territory,2024-04-04
sitter_66,sitter,South Markport,South Georgia and the South Sandwich Islands,2024-02-17
sitter_67,sitter,East William,Wallis and Futuna,2024-11-22
sitter_68,sitter,Wagnermouth,Syrian Arab Republic,2024-07-15
sitter_69,sitter,North Jasonville,Lesotho,2024-10-10
sitter_70,sitter,Timothyfurt,Sri Lanka,2024-06-19
sitter_71,sitter,Port Jacob,Cuba,2024-06-28
sitter_72,sitter,New Michellefort,Heard Island and McDonald Islands,2024-07-12
sitter_73,sitter,South Melissa,Eritrea,2024-11-08
sitter_74,sitter,Danaland,Bolivia,2024-02-08
sitter_75,sitter,East Maria,Central African Republic,2024-07-07
sitter_76,sitter,Markville,Turks and Caicos Islands,2024-08-27
sitter_77,sitter,Michaelberg,Rwanda,2024-08-16
sitter_78,sitter,Randyburgh,Madagascar,2024-08-03
sitter_79,sitter,Cortezstad,Tonga,2024-06-10
sitter_80,sitter,Reynoldsstad,Mauritius,2024-10-14
sitter_81,sitter,Antonioshire,Syrian Arab Republic,2024-11-30
sitter_82,sitter,Port Jeanetteburgh,Anguilla,2024-03-20
sitter_83,sitter,Natalieborough,Switzerland,2024-01-01
sitter_84,sitter,Lake Kenneth,Saint Barthelemy,2024-03-20
sitter_85,sitter,New Lauraberg,Brazil,2024-09-18
sitter_86,sitter,Ponceton,Ireland,2024-04-24
sitter_87,sitter,Kennedyland,Faroe Islands,2024-07-11
sitter_88,sitter,Port Barbarachester,Saint Pierre and Miquelon,2024-09-03
sitter_89,sitter,Port Robinshire,Lesotho,2024-09-10
sitter_90,sitter,Brownshire,Niue,2024-06-13
sitter_91,sitter,Brandimouth,Colombia,2024-06-25
sitter_92,sitter,Sanchezberg,Portugal,2024-04-27
sitter_93,sitter,Moorefurt,Zambia,2024-11-26
sitter_94,sitter,Melissachester,Kenya,2024-04-10
sitter_95,sitter,Howeberg,Singapore,2024-04-23
sitter_96,sitter,West Derek,Norway,2024-07-11
sitter_97,sitter,West Lori,Armenia,2024-11-24
sitter_98,sitter,Garnerborough,Honduras,2024-07-30
sitter_99,sitter,Mckeeshire,Bermuda,2024-08-02
sitter_100,sitter,Jonathanport,Eritrea,2024-03-30
